les 2;"5 choses à savoir sur François Bayrou, le nouveau Premier ministre"
les 2;5 choses à savoir sur Michel Barnier
les 2;Live Législatives 2024 second tour
les 2;Les loups sont entrés dans Paris
Gorafi;80% des femmes admettent que le plus beau cadeau de fête des mères serait que leurs enfants soient ailleurs
Gorafi;"Par sécurité, Bruno Retailleau propose d’arrêter tous les musulmans qui ont des frères"
Gorafi;Paris : il fait fortune en renommant sa boulangerie en “bar à pains”
Gorafi;Une chaîne d’info en continu crée la polémique en oubliant d’inviter Louis Sarkozy
Gorafi;"Élisabeth Borne salue le courage du pape François “qui continue de travailler après 88 ans, lui”"
Gorafi;Vladimir Poutine offre l’asile politique à Marine Le Pen
Gorafi;In Memoriam : Michel Barnier (2024-2024)
Gorafi;Écologie – Agnès Pannier-Runacher s’engage à planter un arbre pour chaque promesse non tenue
Gorafi;Emmanuel Macron décide de ne pas expliquer sa stratégie politique car les Français ne la comprendraient pas
Gorafi;Bruno Le Maire fustige le bilan économique désastreux d’Antoine Armand
Gorafi;Les Français estiment que Bruno Retailleau n’est pas une chance pour la France
Gorafi;"Michel Barnier : « Je représenterai tous les citoyens, qu’ils soient LR, Renaissance ou RN »"
Gorafi;Emmanuel Macron déclare une trêve paralympique
Gorafi;Marine Le Pen accuse le vote des Français de faire le jeu du Nouveau Front Populaire
Gorafi;Les Français majoritairement opposés à un Premier ministre prénommé Jordan
Gorafi;Eric Ciotti annonce son ralliement aux Républicains
Gorafi;"Pour rester en bonne santé, Jordan Bardella recommande aux étrangers de faire 10 000 pas par jour vers la frontière"
Gorafi;Fact-check : Cyril Hanouna a-t-il vraiment utilisé une piñata Manuel Bompard dans son émission ?
autre;Emmanuel Macron déclare une trêve olympique
autre;Quand la gauche du «Front républicain» embrasse Marine Le Pen
autre;La moitié des militants LR approuvent « l’alliance » avec le RN annoncée par Éric Ciotti
autre;Benjamin Duhamel Rejoint la matinale de France Inter à la Rentrée
autre;"Mal équipés, ils planifient une randonnée en Montagne sur ChatGPT et se retrouvent coincés au sommet"
autre;Il se fait tuer dans son jardin par le lion qu'il venait d'acheter
autre;Dore l'exploratrice est-elle devnue masculiste donnant la définition d'un <sigma>
autre;"Les Enhanced Games, sorte de JO avec dopages, vont être lancé à Las Vegas"
autre;Rufin demande une pause a l'assemblée pour regarder Roland Garros
autre;20 films pour devenir gay